{"bis500": [5056.780929000001], "500bis900": [5984.630003000007], "900plus": [15008.440345]}